[
    {
        "value": "GBR",
        "code": "GB",
        "name": "United Kingdom"
    },
    {
        "value": "AFG",
        "code": "AF",
        "name": "Afghanistan"
    },
    {
        "value": "ALB",
        "code": "AL",
        "name": "Albania"
    },
    {
        "value": "DZA",
        "code": "DZ",
        "name": "Algeria"
    },
    {
        "value": "ASM",
        "code": "AS",
        "name": "American Samoa"
    },
    {
        "value": "AND",
        "code": "AD",
        "name": "Andorra"
    },
    {
        "value": "AGO",
        "code": "AO",
        "name": "Angola"
    },
    {
        "value": "AIA",
        "code": "AI",
        "name": "Anguilla"
    },
    {
        "value": "ATA",
        "code": "AQ",
        "name": "Antarctica"
    },
    {
        "value": "ATG",
        "code": "AG",
        "name": "Antigua and Barbuda"
    },
    {
        "value": "ARG",
        "code": "AR",
        "name": "Argentina"
    },
    {
        "value": "ARM",
        "code": "AM",
        "name": "Armenia"
    },
    {
        "value": "ABW",
        "code": "AW",
        "name": "Aruba"
    },
    {
        "value": "AUS",
        "code": "AU",
        "name": "Australia"
    },
    {
        "value": "AUT",
        "code": "AT",
        "name": "Austria"
    },
    {
        "value": "AZE",
        "code": "AZ",
        "name": "Azerbaijan"
    },
    {
        "value": "BHS",
        "code": "BS",
        "name": "Bahamas"
    },
    {
        "value": "BHR",
        "code": "BH",
        "name": "Bahrain"
    },
    {
        "value": "BGD",
        "code": "BD",
        "name": "Bangladesh"
    },
    {
        "value": "BRB",
        "code": "BB",
        "name": "Barbados"
    },
    {
        "value": "BLR",
        "code": "BY",
        "name": "Belarus"
    },
    {
        "value": "BEL",
        "code": "BE",
        "name": "Belgium"
    },
    {
        "value": "BLZ",
        "code": "BZ",
        "name": "Belize"
    },
    {
        "value": "BEN",
        "code": "BJ",
        "name": "Benin"
    },
    {
        "value": "BMU",
        "code": "BM",
        "name": "Bermuda"
    },
    {
        "value": "BTN",
        "code": "BT",
        "name": "Bhutan"
    },
    {
        "value": "BOL",
        "code": "BO",
        "name": "Bolivia"
    },
    {
        "value": "BIH",
        "code": "BA",
        "name": "Bosnia and Herzegovina"
    },
    {
        "value": "BWA",
        "code": "BW",
        "name": "Botswana"
    },
    {
        "value": "BVT",
        "code": "BV",
        "name": "Bouvet Island"
    },
    {
        "value": "BRA",
        "code": "BR",
        "name": "Brazil"
    },
    {
        "value": "IOT",
        "code": "IO",
        "name": "British Indian Ocean Territory"
    },
    {
        "value": "VGB",
        "code": "VG",
        "name": "British Virgin Islands"
    },
    {
        "value": "BRN",
        "code": "BN",
        "name": "Brunei"
    },
    {
        "value": "BGR",
        "code": "BG",
        "name": "Bulgaria"
    },
    {
        "value": "BFA",
        "code": "BF",
        "name": "Burkina Faso"
    },
    {
        "value": "BDI",
        "code": "BI",
        "name": "Burundi"
    },
    {
        "value": "KHM",
        "code": "KH",
        "name": "Cambodia"
    },
    {
        "value": "CMR",
        "code": "CM",
        "name": "Cameroon"
    },
    {
        "value": "CAN",
        "code": "CA",
        "name": "Canada"
    },
    {
        "value": "CPV",
        "code": "CV",
        "name": "Cape Verde"
    },
    {
        "value": "BES",
        "code": "BQ",
        "name": "Caribbean Netherlands"
    },
    {
        "value": "CYM",
        "code": "KY",
        "name": "Cayman Islands"
    },
    {
        "value": "CAF",
        "code": "CF",
        "name": "Central African Republic"
    },
    {
        "value": "TCD",
        "code": "TD",
        "name": "Chad"
    },
    {
        "value": "CHL",
        "code": "CL",
        "name": "Chile"
    },
    {
        "value": "CHN",
        "code": "CN",
        "name": "China"
    },
    {
        "value": "CXR",
        "code": "CX",
        "name": "Christmas Island"
    },
    {
        "value": "CCK",
        "code": "CC",
        "name": "Cocos (Keeling) Islands"
    },
    {
        "value": "COL",
        "code": "CO",
        "name": "Colombia"
    },
    {
        "value": "COM",
        "code": "KM",
        "name": "Comoros"
    },
    {
        "value": "COK",
        "code": "CK",
        "name": "Cook Islands"
    },
    {
        "value": "CRI",
        "code": "CR",
        "name": "Costa Rica"
    },
    {
        "value": "HRV",
        "code": "HR",
        "name": "Croatia"
    },
    {
        "value": "CUB",
        "code": "CU",
        "name": "Cuba"
    },
    {
        "value": "CUW",
        "code": "CW",
        "name": "Curaçao"
    },
    {
        "value": "CYP",
        "code": "CY",
        "name": "Cyprus"
    },
    {
        "value": "CZE",
        "code": "CZ",
        "name": "Czechia"
    },
    {
        "value": "COD",
        "code": "CD",
        "name": "DR Congo"
    },
    {
        "value": "DNK",
        "code": "DK",
        "name": "Denmark"
    },
    {
        "value": "DJI",
        "code": "DJ",
        "name": "Djibouti"
    },
    {
        "value": "DMA",
        "code": "DM",
        "name": "Dominica"
    },
    {
        "value": "DOM",
        "code": "DO",
        "name": "Dominican Republic"
    },
    {
        "value": "ECU",
        "code": "EC",
        "name": "Ecuador"
    },
    {
        "value": "EGY",
        "code": "EG",
        "name": "Egypt"
    },
    {
        "value": "SLV",
        "code": "SV",
        "name": "El Salvador"
    },
    {
        "value": "GNQ",
        "code": "GQ",
        "name": "Equatorial Guinea"
    },
    {
        "value": "ERI",
        "code": "ER",
        "name": "Eritrea"
    },
    {
        "value": "EST",
        "code": "EE",
        "name": "Estonia"
    },
    {
        "value": "SWZ",
        "code": "SZ",
        "name": "Eswatini"
    },
    {
        "value": "ETH",
        "code": "ET",
        "name": "Ethiopia"
    },
    {
        "value": "FLK",
        "code": "FK",
        "name": "Falkland Islands"
    },
    {
        "value": "FRO",
        "code": "FO",
        "name": "Faroe Islands"
    },
    {
        "value": "FJI",
        "code": "FJ",
        "name": "Fiji"
    },
    {
        "value": "FIN",
        "code": "FI",
        "name": "Finland"
    },
    {
        "value": "FRA",
        "code": "FR",
        "name": "France"
    },
    {
        "value": "GUF",
        "code": "GF",
        "name": "French Guiana"
    },
    {
        "value": "PYF",
        "code": "PF",
        "name": "French Polynesia"
    },
    {
        "value": "ATF",
        "code": "TF",
        "name": "French Southern and Antarctic Lands"
    },
    {
        "value": "GAB",
        "code": "GA",
        "name": "Gabon"
    },
    {
        "value": "GMB",
        "code": "GM",
        "name": "Gambia"
    },
    {
        "value": "GEO",
        "code": "GE",
        "name": "Georgia"
    },
    {
        "value": "DEU",
        "code": "DE",
        "name": "Germany"
    },
    {
        "value": "GHA",
        "code": "GH",
        "name": "Ghana"
    },
    {
        "value": "GIB",
        "code": "GI",
        "name": "Gibraltar"
    },
    {
        "value": "GRC",
        "code": "GR",
        "name": "Greece"
    },
    {
        "value": "GRL",
        "code": "GL",
        "name": "Greenland"
    },
    {
        "value": "GRD",
        "code": "GD",
        "name": "Grenada"
    },
    {
        "value": "GLP",
        "code": "GP",
        "name": "Guadeloupe"
    },
    {
        "value": "GUM",
        "code": "GU",
        "name": "Guam"
    },
    {
        "value": "GTM",
        "code": "GT",
        "name": "Guatemala"
    },
    {
        "value": "GGY",
        "code": "GG",
        "name": "Guernsey"
    },
    {
        "value": "GIN",
        "code": "GN",
        "name": "Guinea"
    },
    {
        "value": "GNB",
        "code": "GW",
        "name": "Guinea-Bissau"
    },
    {
        "value": "GUY",
        "code": "GY",
        "name": "Guyana"
    },
    {
        "value": "HTI",
        "code": "HT",
        "name": "Haiti"
    },
    {
        "value": "HMD",
        "code": "HM",
        "name": "Heard Island and McDonald Islands"
    },
    {
        "value": "HND",
        "code": "HN",
        "name": "Honduras"
    },
    {
        "value": "HKG",
        "code": "HK",
        "name": "Hong Kong"
    },
    {
        "value": "HUN",
        "code": "HU",
        "name": "Hungary"
    },
    {
        "value": "ISL",
        "code": "IS",
        "name": "Iceland"
    },
    {
        "value": "IND",
        "code": "IN",
        "name": "India"
    },
    {
        "value": "IDN",
        "code": "ID",
        "name": "Indonesia"
    },
    {
        "value": "IRN",
        "code": "IR",
        "name": "Iran"
    },
    {
        "value": "IRQ",
        "code": "IQ",
        "name": "Iraq"
    },
    {
        "value": "IRL",
        "code": "IE",
        "name": "Ireland"
    },
    {
        "value": "IMN",
        "code": "IM",
        "name": "Isle of Man"
    },
    {
        "value": "ISR",
        "code": "IL",
        "name": "Israel"
    },
    {
        "value": "ITA",
        "code": "IT",
        "name": "Italy"
    },
    {
        "value": "CIV",
        "code": "CI",
        "name": "Ivory Coast"
    },
    {
        "value": "JAM",
        "code": "JM",
        "name": "Jamaica"
    },
    {
        "value": "JPN",
        "code": "JP",
        "name": "Japan"
    },
    {
        "value": "JEY",
        "code": "JE",
        "name": "Jersey"
    },
    {
        "value": "JOR",
        "code": "JO",
        "name": "Jordan"
    },
    {
        "value": "KAZ",
        "code": "KZ",
        "name": "Kazakhstan"
    },
    {
        "value": "KEN",
        "code": "KE",
        "name": "Kenya"
    },
    {
        "value": "KIR",
        "code": "KI",
        "name": "Kiribati"
    },
    {
        "value": "UNK",
        "code": "XK",
        "name": "Kosovo"
    },
    {
        "value": "KWT",
        "code": "KW",
        "name": "Kuwait"
    },
    {
        "value": "KGZ",
        "code": "KG",
        "name": "Kyrgyzstan"
    },
    {
        "value": "LAO",
        "code": "LA",
        "name": "Laos"
    },
    {
        "value": "LVA",
        "code": "LV",
        "name": "Latvia"
    },
    {
        "value": "LBN",
        "code": "LB",
        "name": "Lebanon"
    },
    {
        "value": "LSO",
        "code": "LS",
        "name": "Lesotho"
    },
    {
        "value": "LBR",
        "code": "LR",
        "name": "Liberia"
    },
    {
        "value": "LBY",
        "code": "LY",
        "name": "Libya"
    },
    {
        "value": "LIE",
        "code": "LI",
        "name": "Liechtenstein"
    },
    {
        "value": "LTU",
        "code": "LT",
        "name": "Lithuania"
    },
    {
        "value": "LUX",
        "code": "LU",
        "name": "Luxembourg"
    },
    {
        "value": "MAC",
        "code": "MO",
        "name": "Macau"
    },
    {
        "value": "MKD",
        "code": "MK",
        "name": "Macedonia"
    },
    {
        "value": "MDG",
        "code": "MG",
        "name": "Madagascar"
    },
    {
        "value": "MWI",
        "code": "MW",
        "name": "Malawi"
    },
    {
        "value": "MYS",
        "code": "MY",
        "name": "Malaysia"
    },
    {
        "value": "MDV",
        "code": "MV",
        "name": "Maldives"
    },
    {
        "value": "MLI",
        "code": "ML",
        "name": "Mali"
    },
    {
        "value": "MLT",
        "code": "MT",
        "name": "Malta"
    },
    {
        "value": "MHL",
        "code": "MH",
        "name": "Marshall Islands"
    },
    {
        "value": "MTQ",
        "code": "MQ",
        "name": "Martinique"
    },
    {
        "value": "MRT",
        "code": "MR",
        "name": "Mauritania"
    },
    {
        "value": "MUS",
        "code": "MU",
        "name": "Mauritius"
    },
    {
        "value": "MYT",
        "code": "YT",
        "name": "Mayotte"
    },
    {
        "value": "MEX",
        "code": "MX",
        "name": "Mexico"
    },
    {
        "value": "FSM",
        "code": "FM",
        "name": "Micronesia"
    },
    {
        "value": "MDA",
        "code": "MD",
        "name": "Moldova"
    },
    {
        "value": "MCO",
        "code": "MC",
        "name": "Monaco"
    },
    {
        "value": "MNG",
        "code": "MN",
        "name": "Mongolia"
    },
    {
        "value": "MNE",
        "code": "ME",
        "name": "Montenegro"
    },
    {
        "value": "MSR",
        "code": "MS",
        "name": "Montserrat"
    },
    {
        "value": "MAR",
        "code": "MA",
        "name": "Morocco"
    },
    {
        "value": "MOZ",
        "code": "MZ",
        "name": "Mozambique"
    },
    {
        "value": "MMR",
        "code": "MM",
        "name": "Myanmar"
    },
    {
        "value": "NAM",
        "code": "NA",
        "name": "Namibia"
    },
    {
        "value": "NRU",
        "code": "NR",
        "name": "Nauru"
    },
    {
        "value": "NPL",
        "code": "NP",
        "name": "Nepal"
    },
    {
        "value": "NLD",
        "code": "NL",
        "name": "Netherlands"
    },
    {
        "value": "NCL",
        "code": "NC",
        "name": "New Caledonia"
    },
    {
        "value": "NZL",
        "code": "NZ",
        "name": "New Zealand"
    },
    {
        "value": "NIC",
        "code": "NI",
        "name": "Nicaragua"
    },
    {
        "value": "NER",
        "code": "NE",
        "name": "Niger"
    },
    {
        "value": "NGA",
        "code": "NG",
        "name": "Nigeria"
    },
    {
        "value": "NIU",
        "code": "NU",
        "name": "Niue"
    },
    {
        "value": "NFK",
        "code": "NF",
        "name": "Norfolk Island"
    },
    {
        "value": "PRK",
        "code": "KP",
        "name": "North Korea"
    },
    {
        "value": "MNP",
        "code": "MP",
        "name": "Northern Mariana Islands"
    },
    {
        "value": "NOR",
        "code": "NO",
        "name": "Norway"
    },
    {
        "value": "OMN",
        "code": "OM",
        "name": "Oman"
    },
    {
        "value": "PAK",
        "code": "PK",
        "name": "Pakistan"
    },
    {
        "value": "PLW",
        "code": "PW",
        "name": "Palau"
    },
    {
        "value": "PSE",
        "code": "PS",
        "name": "Palestine"
    },
    {
        "value": "PAN",
        "code": "PA",
        "name": "Panama"
    },
    {
        "value": "PNG",
        "code": "PG",
        "name": "Papua New Guinea"
    },
    {
        "value": "PRY",
        "code": "PY",
        "name": "Paraguay"
    },
    {
        "value": "PER",
        "code": "PE",
        "name": "Peru"
    },
    {
        "value": "PHL",
        "code": "PH",
        "name": "Philippines"
    },
    {
        "value": "PCN",
        "code": "PN",
        "name": "Pitcairn Islands"
    },
    {
        "value": "POL",
        "code": "PL",
        "name": "Poland"
    },
    {
        "value": "PRT",
        "code": "PT",
        "name": "Portugal"
    },
    {
        "value": "PRI",
        "code": "PR",
        "name": "Puerto Rico"
    },
    {
        "value": "QAT",
        "code": "QA",
        "name": "Qatar"
    },
    {
        "value": "COG",
        "code": "CG",
        "name": "Republic of the Congo"
    },
    {
        "value": "ROU",
        "code": "RO",
        "name": "Romania"
    },
    {
        "value": "RUS",
        "code": "RU",
        "name": "Russia"
    },
    {
        "value": "RWA",
        "code": "RW",
        "name": "Rwanda"
    },
    {
        "value": "REU",
        "code": "RE",
        "name": "Réunion"
    },
    {
        "value": "BLM",
        "code": "BL",
        "name": "Saint Barthélemy"
    },
    {
        "value": "SHN",
        "code": "SH",
        "name": "Saint Helena, Ascension and Tristan da Cunha"
    },
    {
        "value": "KNA",
        "code": "KN",
        "name": "Saint Kitts and Nevis"
    },
    {
        "value": "LCA",
        "code": "LC",
        "name": "Saint Lucia"
    },
    {
        "value": "MAF",
        "code": "MF",
        "name": "Saint Martin"
    },
    {
        "value": "SPM",
        "code": "PM",
        "name": "Saint Pierre and Miquelon"
    },
    {
        "value": "VCT",
        "code": "VC",
        "name": "Saint Vincent and the Grenadines"
    },
    {
        "value": "WSM",
        "code": "WS",
        "name": "Samoa"
    },
    {
        "value": "SMR",
        "code": "SM",
        "name": "San Marino"
    },
    {
        "value": "SAU",
        "code": "SA",
        "name": "Saudi Arabia"
    },
    {
        "value": "SEN",
        "code": "SN",
        "name": "Senegal"
    },
    {
        "value": "SRB",
        "code": "RS",
        "name": "Serbia"
    },
    {
        "value": "SYC",
        "code": "SC",
        "name": "Seychelles"
    },
    {
        "value": "SLE",
        "code": "SL",
        "name": "Sierra Leone"
    },
    {
        "value": "SGP",
        "code": "SG",
        "name": "Singapore"
    },
    {
        "value": "SXM",
        "code": "SX",
        "name": "Sint Maarten"
    },
    {
        "value": "SVK",
        "code": "SK",
        "name": "Slovakia"
    },
    {
        "value": "SVN",
        "code": "SI",
        "name": "Slovenia"
    },
    {
        "value": "SLB",
        "code": "SB",
        "name": "Solomon Islands"
    },
    {
        "value": "SOM",
        "code": "SO",
        "name": "Somalia"
    },
    {
        "value": "ZAF",
        "code": "ZA",
        "name": "South Africa"
    },
    {
        "value": "SGS",
        "code": "GS",
        "name": "South Georgia"
    },
    {
        "value": "KOR",
        "code": "KR",
        "name": "South Korea"
    },
    {
        "value": "SSD",
        "code": "SS",
        "name": "South Sudan"
    },
    {
        "value": "ESP",
        "code": "ES",
        "name": "Spain"
    },
    {
        "value": "LKA",
        "code": "LK",
        "name": "Sri Lanka"
    },
    {
        "value": "SDN",
        "code": "SD",
        "name": "Sudan"
    },
    {
        "value": "SUR",
        "code": "SR",
        "name": "Suriname"
    },
    {
        "value": "SJM",
        "code": "SJ",
        "name": "Svalbard and Jan Mayen"
    },
    {
        "value": "SWE",
        "code": "SE",
        "name": "Sweden"
    },
    {
        "value": "CHE",
        "code": "CH",
        "name": "Switzerland"
    },
    {
        "value": "SYR",
        "code": "SY",
        "name": "Syria"
    },
    {
        "value": "STP",
        "code": "ST",
        "name": "São Tomé and Príncipe"
    },
    {
        "value": "TWN",
        "code": "TW",
        "name": "Taiwan"
    },
    {
        "value": "TJK",
        "code": "TJ",
        "name": "Tajikistan"
    },
    {
        "value": "TZA",
        "code": "TZ",
        "name": "Tanzania"
    },
    {
        "value": "THA",
        "code": "TH",
        "name": "Thailand"
    },
    {
        "value": "TLS",
        "code": "TL",
        "name": "Timor-Leste"
    },
    {
        "value": "TGO",
        "code": "TG",
        "name": "Togo"
    },
    {
        "value": "TKL",
        "code": "TK",
        "name": "Tokelau"
    },
    {
        "value": "TON",
        "code": "TO",
        "name": "Tonga"
    },
    {
        "value": "TTO",
        "code": "TT",
        "name": "Trinidad and Tobago"
    },
    {
        "value": "TUN",
        "code": "TN",
        "name": "Tunisia"
    },
    {
        "value": "TUR",
        "code": "TR",
        "name": "Turkey"
    },
    {
        "value": "TKM",
        "code": "TM",
        "name": "Turkmenistan"
    },
    {
        "value": "TCA",
        "code": "TC",
        "name": "Turks and Caicos Islands"
    },
    {
        "value": "TUV",
        "code": "TV",
        "name": "Tuvalu"
    },
    {
        "value": "UGA",
        "code": "UG",
        "name": "Uganda"
    },
    {
        "value": "UKR",
        "code": "UA",
        "name": "Ukraine"
    },
    {
        "value": "ARE",
        "code": "AE",
        "name": "United Arab Emirates"
    },
    {
        "value": "USA",
        "code": "US",
        "name": "United States"
    },
    {
        "value": "UMI",
        "code": "UM",
        "name": "United States Minor Outlying Islands"
    },
    {
        "value": "VIR",
        "code": "VI",
        "name": "United States Virgin Islands"
    },
    {
        "value": "URY",
        "code": "UY",
        "name": "Uruguay"
    },
    {
        "value": "UZB",
        "code": "UZ",
        "name": "Uzbekistan"
    },
    {
        "value": "VUT",
        "code": "VU",
        "name": "Vanuatu"
    },
    {
        "value": "VAT",
        "code": "VA",
        "name": "Vatican City"
    },
    {
        "value": "VEN",
        "code": "VE",
        "name": "Venezuela"
    },
    {
        "value": "VNM",
        "code": "VN",
        "name": "Vietnam"
    },
    {
        "value": "WLF",
        "code": "WF",
        "name": "Wallis and Futuna"
    },
    {
        "value": "ESH",
        "code": "EH",
        "name": "Western Sahara"
    },
    {
        "value": "YEM",
        "code": "YE",
        "name": "Yemen"
    },
    {
        "value": "ZMB",
        "code": "ZM",
        "name": "Zambia"
    },
    {
        "value": "ZWE",
        "code": "ZW",
        "name": "Zimbabwe"
    },
    {
        "value": "ALA",
        "code": "AX",
        "name": "Åland Islands"
    }
]
